id,type,from_node,to_node,shape,diameter,width,height,length,slope,manning_n,material,cross_slope,long_slope
111+64 LT_to_111+65 RT,pipe,111+64 LT,111+65 RT,circular,18,,,28,0.018928571428570455,0.013,RCP,,
112+35 LT_to_112+35 RT,pipe,112+35 LT,112+35 RT,circular,18,,,28,0.173571428571425,0.013,RCP,,
112+35 RT_to_111+65 RT,pipe,112+35 RT,111+65 RT,circular,18,,,67,0.010000000000001086,0.013,RCP,,
113+00 RT_to_112+35 RT,pipe,113+00 RT,112+35 RT,circular,18,,,61,0.00999999999999836,0.013,RCP,,
113+78 LT_to_208+65 RT,pipe,113+78 LT,208+65 RT,circular,18,,,35,0.007142857142857143,0.013,RCP,,
115+24 LT_to_207+99 LT,pipe,115+24 LT,207+99 LT,circular,18,,,24,0.01916666666665871,0.013,RCP,,
115+42 LT_to_115+24 LT,pipe,115+42 LT,115+24 LT,circular,18,,,17,0.1011764705882369,0.013,RCP,,
115+66 LT_to_115+24 LT,pipe,115+66 LT,115+24 LT,circular,18,,,52,0.019807692307696155,0.013,RCP,,
115+90 RT_to_210+00 LT,pipe,115+90 RT,210+00 LT,circular,36,,,21,0.046666666666656705,0.013,RCP,,
116+00 RT_to_115+90 RT,pipe,116+00 RT,115+90 RT,circular,36,,,6,0.011666666666693951,0.013,RCP,,
116+25 LT_to_115+66 LT,pipe,116+25 LT,115+66 LT,circular,18,,,57,0.02070175438596204,0.013,RCP,,
117+85 RT_to_116+00 RT,pipe,117+85 RT,116+00 RT,circular,36,,,181,0.012983425414364138,0.013,RCP,,
118+25 LT_to_116+25 LT,pipe,118+25 LT,116+25 LT,circular,18,,,196,0.020255102040816465,0.013,RCP,,
120+50 LT_to_118+25 LT,pipe,120+50 LT,118+25 LT,circular,18,,,221,0.033438914027149776,0.013,RCP,,
120+50 RT_to_117+85 RT,pipe,120+50 RT,117+85 RT,circular,18,,,261,0.03915708812260547,0.013,RCP,,
122+11 RT_to_120+50 RT,pipe,122+11 RT,120+50 RT,circular,18,,,191,0.009109947643979105,0.013,RCP,,
124+50 LT_to_120+50 LT,pipe,124+50 LT,120+50 LT,circular,18,,,396,0.007752525252525092,0.013,RCP,,
200+19 LT_to_200+19 RT,pipe,200+19 LT,200+19 RT,circular,18,,,61,0.07245901639344009,0.013,RCP,,
203+48 LT_to_203+48 RT,pipe,203+48 LT,203+48 RT,arch,40,65,,75,0.004666666666665454,0.013,RCP,,
204+09 RT_to_203+48 RT,pipe,204+09 RT,203+48 RT,circular,24,,,55,0.032545454545453885,0.013,RCP,,
204+20 LT_to_203+48 LT,pipe,204+20 LT,203+48 LT,circular,48,,,65,0.005076923076925455,0.013,RCP,,
204+30 LT_to_204+20 LT,pipe,204+30 LT,204+20 LT,circular,48,,,4,0.0049999999999954525,0.013,RCP,,
204+62 LT_to_204+30 LT,pipe,204+62 LT,204+30 LT,circular,48,,,26,0.0049999999999954525,0.013,RCP,,
204+67 RT_to_204+09 RT,pipe,204+67 RT,204+09 RT,circular,24,,,55,0.005999999999998677,0.013,RCP,,
206+53 RT_to_204+67 RT,pipe,206+53 RT,204+67 RT,circular,24,,,182,0.005439560439560489,0.013,RCP,,
206+55 LT_to_204+62 LT,pipe,206+55 LT,204+62 LT,circular,48,,,187,0.01219251336898381,0.013,RCP,,
207+99 LT_to_206+55 LT,pipe,207+99 LT,206+55 LT,circular,48,,,136,0.0055147058823529415,0.013,RCP,,
208+17 RT_to_206+53 RT,pipe,208+17 RT,206+53 RT,circular,24,,,165,0.00684848484848551,0.013,RCP,,
208+65 RT_to_208+17 RT,pipe,208+65 RT,208+17 RT,circular,18,,,44,0.007045454545453305,0.013,RCP,,
208+98 LT_to_207+99 LT,pipe,208+98 LT,207+99 LT,arch,36,59,,89,0.005280898876402246,0.013,RCP,,
209+02 LT_to_208+98 LT,pipe,209+02 LT,208+98 LT,circular,18,,,23,0.0952173913043502,0.013,RCP,,
209+81 LT_to_209+02 LT,pipe,209+81 LT,209+02 LT,circular,18,,,75,0.016000000000000607,0.013,RCP,,
210+00 LT_to_208+98 LT,pipe,210+00 LT,208+98 LT,arch,36,59,,106,0.0050000000000018875,0.013,RCP,,
210+51 LT_to_210+00 LT,pipe,210+51 LT,210+00 LT,circular,18,,,47,0.04468085106382785,0.013,RCP,,
210+60 RT_to_208+65 RT,pipe,210+60 RT,208+65 RT,circular,18,,,194,0.01881443298969119,0.013,RCP,,
211+00 LT_to_210+51 LT,pipe,211+00 LT,210+51 LT,circular,18,,,56,0.03571428571428571,0.013,RCP,,
212+60 RT_to_210+60 RT,pipe,212+60 RT,210+60 RT,circular,18,,,196,0.03841836734693864,0.013,RCP,,
213+00 LT_to_211+00 LT,pipe,213+00 LT,211+00 LT,circular,18,,,196,0.028112244897959136,0.013,RCP,,
214+50 LT_to_413+36 @ 23' LT,pipe,214+50 LT,413+36 @ 23' LT,circular,18,,,79,0.010379746835442231,0.013,RCP,,
214+60 RT_to_212+60 RT,pipe,214+60 RT,212+60 RT,circular,18,,,195,0.010000000000000233,0.013,RCP,,
215+00 LT_to_214+50 LT,pipe,215+00 LT,214+50 LT,circular,18,,,55,0.027636363636363306,0.013,RCP,,
218+00 LT_to_218+03 LT,pipe,218+00 LT,218+03 LT,arch,24,36,,46,0.011521739130434189,0.013,RCP,,
218+03 LT_to_218+06 LT,pipe,218+03 LT,218+06 LT,circular,48,,,17,0.008235294117652944,0.013,RCP,,
218+06 LT_to_218+06 RT,pipe,218+06 LT,218+06 RT,arch,45,73,,66,0.006515151515149035,0.013,RCP,,
218+06 RT_to_216+90 RT,pipe,218+06 RT,216+90 RT,circular,60,,,109,0.008256880733945789,0.013,RCP,,
219+10 LT_to_218+06 LT,pipe,219+10 LT,218+06 LT,circular,36,,,98,0.00653061224489898,0.013,RCP,,
219+10 RT_to_218+06 RT,pipe,219+10 RT,218+06 RT,circular,18,,,99,0.019797979797977868,0.013,RCP,,
219+20 LT_to_219+10 LT,pipe,219+20 LT,219+10 LT,circular,36,,,5,0.005999999999994543,0.013,RCP,,
219+20 RT_to_219+10 RT,pipe,219+20 RT,219+10 RT,circular,18,,,6,0.045000000000034866,0.013,RCP,,
219+30 LT_to_219+20 LT,pipe,219+30 LT,219+20 LT,circular,36,,,5,0.007999999999992725,0.013,RCP,,
219+30 RT_to_219+20 RT,pipe,219+30 RT,219+20 RT,circular,18,,,6,0.044999999999996966,0.013,RCP,,
220+06 RT_to_220+08 LT,pipe,220+06 RT,220+08 LT,circular,18,,,62,0.018064516129030497,0.013,RCP,,
220+08 LT_to_219+30 LT,pipe,220+08 LT,219+30 LT,circular,36,,,73,0.006164383561644458,0.013,RCP,,
220+81 LT_to_220+08 LT,pipe,220+81 LT,220+08 LT,circular,36,,,70,0.007285714285714156,0.013,RCP,,
413+00 LT_to_413+25 LT,pipe,413+00 LT,413+25 LT,circular,18,,,19,0.005263157894744022,0.013,RCP,,
413+25 LT_to_413+36 @ 11' LT,pipe,413+25 LT,413+36 @ 11' LT,circular,18,,,6,0.1716666666666621,0.013,RCP,,
413+36 @ 11' LT_to_413+36 RT,pipe,413+36 @ 11' LT,413+36 RT,circular,18,,,35,0.012285714285709608,0.013,RCP,,
413+36 @ 23' LT_to_413+36 @ 11' LT,pipe,413+36 @ 23' LT,413+36 @ 11' LT,circular,18,,,9,0.01222222222223637,0.013,RCP,,
413+36 RT_to_213+00 LT,pipe,413+36 RT,213+00 LT,circular,18,,,46,0.025217391304349607,0.013,RCP,,
